Massey URL,Massey Name,Massey ID (Legacy),ESPN ID,ESPN Team Name,ESPN Team URL,sports-reference Link,sports-reference Name,ScoresAndOdds Name,ScoresAndOdds URL,Sportsbook Reviews Name
18,Abilene Chr,1101,2000,Abilene Christian Wildcats,abilene-christian-wildcats,abilene-christian,Abilene Christian,Abilene Christian,abilene-christian,AbileneChristian
87649,Academy of Art,,,,,,,,,
30,Adams St,,,,,,,,,
35,Adelphi,,,,,,,,,
44,Adrian,,,,,,,,,
55,Air Force,1102,2005,Air Force Falcons,air-force-falcons,air-force,Air Force,Air Force,air-force,AirForce
110,AK Anchorage,,,,,,,,,
114,AK Fairbanks,,,,,,,,,
66,Akron,1103,2006,Akron Zips,akron-zips,akron,Akron NCAA,Akron,akron,
93,AL Huntsville,,,,,,,,,
74,Alabama,1104,333,Alabama Crimson Tide,alabama-crimson-tide,alabama,Alabama NCAA,Alabama,alabama,Alabama
82,Alabama A&M,1105,2010,Alabama A&M Bulldogs,alabama-am-bulldogs,alabama-am,Alabama A&M,Alabama A&M,alabama-am,AlabamaAM
103,Alabama St,1106,2011,Alabama State Hornets,alabama-state-hornets,alabama-state,Alabama State,Alabama State,alabama-state,
118,Albany GA,,,,,,,Albany,albany,
143,Albertus Magnus,,,,,,,,,
146,Albion,,,,,,,,,
150,Albright,,,,,,,,,
157,Alcorn St,1108,2016,Alcorn State Braves,alcorn-state-braves,alcorn-state,Alcorn State,Alcorn State,alcorn-state,AlcornState
167,Alfred,,,,,,,,,
173,Alfred St,,,,,,,,,
186,Allegheny,,,,,,,,,
191,Allen,,,,,,,,,
199,Alma,,,,,,,,,
207,Alvernia,,,,,,,,,
215,American Intl,,,,,,,,,
227,American Univ,1110,44,American University Eagles,american-university-eagles,american,American,American,american,
231,Amherst,,,,,,,,,
244,Anderson IN,,,,,,,,,
249,Anderson SC,,,,,,,,,
259,Angelo St,,,,,,,,,
264,Anna Maria,,,,,,,,,
275,Appalachian St,1111,2026,Appalachian State Mountaineers,appalachian-state-mountaineers,appalachian-state,Appalachian State,Appalachian State,appalachian-state,AppalachianState
290,Arcadia,,,,,,,,,
294,Arizona,1112,12,Arizona Wildcats,arizona-wildcats,arizona,Arizona NCAA,Arizona,arizona,Arizona
304,Arizona St,1113,9,Arizona State Sun Devils,arizona-state-sun-devils,arizona-state,Arizona State,Arizona State,arizona-state,ArizonaState
325,Ark Little Rock,1114,2031,Little Rock Trojans,little-rock-trojans,arkansas-little-rock,Little Rock,Little Rock,little-rock,ArkansasLittleRock
328,Ark Monticello,,,,,,,,,
343,Ark Pine Bluff,1115,2029,Arkansas-Pine Bluff Golden Lions,arkansas-pine-bluff-golden-lions,arkansas-pine-bluff,Arkansas-Pine Bluff,UAPB,uapb,ArkPineBluff
316,Arkansas,1116,8,Arkansas Razorbacks,arkansas-razorbacks,arkansas,Arkansas,Arkansas,arkansas,Arkansas
333,Arkansas St,1117,2032,Arkansas State Red Wolves,arkansas-state-red-wolves,arkansas-state,Arkansas State,Arkansas State,arkansas-state,ArkansasState
338,Arkansas Tech,,,,,,,,,
8198,Arkansas-FS,,,,,,,,,
356,Army,1119,349,Army Black Knights,army-black-knights,army,Army,Army,army,Army
368,Asbury,,,,,,,,,
373,Ashland,,,,,,,,,
381,Assumption,,,,,,,,,
402,Auburn,1120,2,Auburn Tigers,auburn-tigers,auburn,Auburn NCAA,Auburn,auburn,Auburn
410,Auburn M'gomery,,,,,,,,,
412,Augsburg,,,,,,,,,
420,Augusta,,,,,,,,,
427,Augustana IL,,,,,,,,,
433,Augustana SD,,,,,,,,,
437,Aurora,,,,,,,,,
443,Austin Col,,,,,,,,,
451,Austin Peay,1122,2046,Austin Peay Governors,austin-peay-governors,austin-peay,Austin Peay,Austin Peay,austin-peay,AustinPeay
457,Averett,,,,,,,,,
468,Azusa Pacific,,,,,,,,,
473,Babson,,,,,,,,,
496,Baldwin-Wallace,,,,,,,,,
501,Ball St,1123,2050,Ball State Cardinals,ball-state-cardinals,ball-state,Ball State,Ball State,ball-state,BallState
526,Bard,,,,,,,,,
532,Barry,,,,,,,,,
536,Barton,,,,,,,,,
542,Baruch,,,,,,,,,
545,Bates,,,,,,,,,
557,Baylor,1124,239,Baylor Bears,baylor-bears,baylor,Baylor NCAA,Baylor,baylor,Baylor
574,Belhaven MS,,,,,,,,,
579,Bellarmine,1468,91,Bellarmine Knights,bellarmine-knights,bellarmine,Bellarmine,Bellarmine,bellarmine,Bellarmine
589,Belmont,1125,2057,Belmont Bruins,belmont-bruins,belmont,Belmont,Belmont,belmont,Belmont
594,Belmont Abbey,,,,,,,,,
600,Beloit,,,,,,,,,
605,Bemidji St,,,,,,,,,
611,Benedict,,,,,,,,,
616,Benedictine IL,,,,,,,,,
629,Bentley,,,,,,,,,
637,Berea,,,,,,,,,
648,Berry,,,,,,,,,
664,Bethany Luth,,,,,,,,,
667,Bethany WV,,,,,,,,,
679,Bethel MN,,,,,,,,,
691,Bethune-Cookman,1126,2065,Bethune-Cookman Wildcats,bethune-cookman-wildcats,bethune-cookman,Bethune-Cookman,Bethune-Cookman,bethune-cookman,
700,Binghamton,1127,2066,Binghamton Bearcats,binghamton-bearcats,binghamton,Binghamton,Binghamton,binghamton,Binghamton
707,Biola,,,,,,,,,
714,Birmingham So,1128,,,,,,,,
732,Black Hills St,,,,,,,,,
735,Blackburn,,,,,,,,,
745,Bloomfield,,,,,,,,,
749,Bloomsburg,,,,,,,,,
760,Bluefield St,,,,,,,,,
766,Bluffton,,,,,,,,,
194510,Bob Jones,,,,,,,,,
771,Boise St,1129,68,Boise State Broncos,boise-state-broncos,boise-state,Boise State NCAA,Boise State,boise-state,BoiseState
783,Boston College,1130,103,Boston College Eagles,boston-college-eagles,boston-college,Boston College,Boston College,boston-college,BostonCollege
796,Boston Univ,1131,104,Boston University Terriers,boston-university-terriers,boston-university,Boston University,Boston,boston,
807,Bowdoin,,,,,,,,,
816,Bowie St,,,,,,,,,
821,Bowling Green,1132,189,Bowling Green Falcons,bowling-green-falcons,bowling-green-state,Bowling Green State,Bowling Green,bowling-green,BowlingGreen
830,Bradley,1133,71,Bradley Braves,bradley-braves,bradley,Bradley,Bradley,bradley,Bradley
837,Brandeis,,,,,,,,,
852,Brevard,,,,,,,,,
871,Bridgeport,,,,,,,,,
876,Bridgewater MA,,,,,,,,,
882,Bridgewater VA,,,,,,,,,
908,Brockport St,,,,,,,,,
919,Brooklyn Col,,,,,,,,,
933,Brown,1135,225,Brown Bears,brown-bears,brown,Brown,Brown,brown,
950,Bryant,1136,2803,Bryant Bulldogs,bryant-bulldogs,bryant,Bryant,Bryant,bryant,Bryant
958,Bryn Athyn,,,,,,,,,
964,Bucknell,1137,2083,Bucknell Bison,bucknell-bison,bucknell,Bucknell,Bucknell,bucknell,
975,Buena Vista,,,,,,,,,
979,Buffalo,1138,2084,Buffalo Bulls,buffalo-bulls,buffalo,Buffalo,Buffalo,buffalo,Buffalo
990,Buffalo St,,,,,,,,,
1004,Butler,1139,2086,Butler Bulldogs,butler-bulldogs,butler,Butler,Butler,butler,Butler
891,BYU,1140,252,BYU Cougars,byu-cougars,brigham-young,Brigham Young NCAA,BYU,byu,BYU
1404,C Michigan,1141,2117,Central Michigan Chippewas,central-michigan-chippewas,central-michigan,Central Michigan,Central Michigan,central-michigan,CentralMichigan
1412,C Missouri,,,,,,,,,
1417,C Oklahoma,,,,,,,,,
1426,C Washington,,,,,,,,,
1020,Cabrini,,,,,,,,,
6188,Cairn,,,,,,,,,
1026,Cal Baptist,1465,2856,California Baptist Lancers,california-baptist-lancers,california-baptist,California Baptist,California Baptist,california-baptist,CaliforniaBaptist
1109,Cal Lutheran,,,,,,,,,
1032,Cal Poly,1142,13,Cal Poly Mustangs,cal-poly-mustangs,cal-poly,Cal Poly,Cal Poly,cal-poly,CalPolySLO
1039,Cal St-LA,,,,,,,,,
1092,Caldwell,,,,,,,,,
1098,California,1143,25,California Golden Bears,california-golden-bears,california,California,California,california,California
1115,California PA,,,,,,,,,
1083,Caltech,,,,,,,,,
1126,Calvin,,,,,,,,,
1137,Cameron,,,,,,,,,
1186,Campbell,1144,2097,Campbell Fighting Camels,campbell-fighting-camels,campbell,Campbell,Campbell,campbell,Campbell
1201,Canisius,1145,2099,Canisius Golden Griffins,canisius-golden-griffins,canisius,Canisius,Canisius,canisius,
1214,Capital,,,,,,,,,
1229,Carleton MN,,,,,,,,,
1241,Carlow,,,,,,,,,
1245,Carnegie Mellon,,,,,,,,,
1254,Carroll WI,,,,,,,,,
1259,Carson-Newman,,,,,,,,,
1265,Carthage,,,,,,,,,
1273,Case Western,,,,,,,,,
1280,Castleton,,,,,,,,,
1287,Catawba,,,,,,,,,
1294,Catholic,,,,,,,,,
1331,Cedarville,,,,,,,,,
1351,Cent Arkansas,1146,2110,Central Arkansas Bears,central-arkansas-bears,central-arkansas,Central Arkansas,Central Arkansas,central-arkansas,CentralArkansas
1336,Centenary,,,,,,,,,
1343,Centenary NJ,1147,,,,,,,,
1372,Central Conn,1148,2115,Central Connecticut Blue Devils,central-connecticut-blue-devils,central-connecticut-state,Central Connecticut State,Central Connecticut State,central-connecticut-state,CentralConn
1372,Central Conn,1148,2115,Central Connecticut Blue Devils,central-connecticut-blue-devils,central-connecticut-state,Central Connecticut State,Central Connecticut State,central-connecticut-state,CentralConnecticut
1390,Central IA,,,,,,,,,
1422,Central St OH,,,,,,,,,
1433,Centre,,,,,,,,,
1437,Chadron St,,,,,,,,,
1442,Chaminade,,,,,,,,,
1448,Chapman,,,,,,,,,
1457,Charleston So,1149,2127,Charleston Southern Buccaneers,charleston-southern-buccaneers,charleston-southern,Charleston Southern,Charleston Southern,charleston-southern,CharlestonSou
1462,Charleston WV,,,,,,,,,
8156,Charlotte,1150,2429,Charlotte 49ers,charlotte-49ers,charlotte,Charlotte,Charlotte,charlotte,CharlotteU
1467,Chatham,,,,,,,,,
7809,Chattanooga,1151,236,Chattanooga Mocs,chattanooga-mocs,chattanooga,Chattanooga,Chattanooga,chattanooga,Chattanooga
1478,Chestnut Hill,,,,,,,,,
1487,Chicago,,,,,,,,,
1501,Chicago St,1152,2130,Chicago State Cougars,chicago-state-cougars,chicago-state,Chicago State,Chicago State,chicago-state,ChicagoState
1510,Chowan,,,,,,,,,
1517,Chr Brothers,,,,,,,,,
1524,Chris Newport,,,,,,,,,
1529,Cincinnati,1153,2132,Cincinnati Bearcats,cincinnati-bearcats,cincinnati,Cincinnati,Cincinnati,cincinnati,Cincinnati
1545,Citadel,1154,2643,The Citadel Bulldogs,the-citadel-bulldogs,citadel,The Citadel,Citadel,citadel,TheCitadel
1549,City Col NY,,,,,,,,,
1554,Claflin,,,,,,,,,
1558,Claremont M.S.,,,,,,,,,
1567,Clarion,,,,,,,,,
1572,Clark Atlanta,,,,,,,,,
1577,Clark MA,,,,,,,,,
1590,Clarkson,,,,,,,,,
1598,Clayton St,,,,,,,,,
1603,Clemson,1155,228,Clemson Tigers,clemson-tigers,clemson,Clemson NCAA,Clemson,clemson,Clemson
1612,Cleveland St,1156,325,Cleveland State Vikings,cleveland-state-vikings,cleveland-state,Cleveland State,Cleveland State,cleveland-state,ClevelandState
4693,CO Mesa,,,,,,,,,
1631,Coast Guard,,,,,,,,,
1637,Coastal Car,1157,324,Coastal Carolina Chanticleers,coastal-carolina-chanticleers,coastal-carolina,Coastal Carolina,Coastal Carolina,coastal-carolina,CoastalCarolina
1646,Coe,,,,,,,,,
1654,Coker,,,,,,,,,
1685,Col Charleston,1158,232,Charleston Cougars,charleston-cougars,college-of-charleston,College of Charleston NCAA,Charleston,charleston,CollOfCharleston
1748,Col Springs,,,,,,,,,
1659,Colby,,,,,,,,,
1670,Colby-Sawyer,,,,,,,,,
1675,Colgate,1159,2142,Colgate Raiders,colgate-raiders,colgate,Colgate NCAA,Colgate,colgate,
1696,College of NJ,,,,,,,,,
1715,Colorado,1160,38,Colorado Buffaloes,colorado-buffaloes,colorado,Colorado NCAA,Colorado,colorado,Colorado
1724,Colorado Chr,,,,,,,,,
1730,Colorado Col,,2144,Colorado College Tigers,colorado-college-tigers,,,,,
1740,Colorado Mines,,,,,,,,,
1753,Colorado St,1161,36,Colorado State Rams,colorado-state-rams,colorado-state,Colorado State NCAA,Colorado State,colorado-state,
1766,Columbia,1162,171,Columbia Lions,columbia-lions,columbia,Columbia,Columbia,columbia,
1791,Columbus St,,,,,,,,,
1802,Concord,,,,,,,,,
1813,Concordia CA,,,,,,,,,
1817,Concordia IL,,,,,,,,,
1857,Concordia Mhd,,,,,,,,,
1862,Concordia SP,,,,,,,,,
1846,Concordia TX,,,,,,,,,
1850,Concordia WI,,,,,,,,,
1872,Connecticut,1163,41,UConn Huskies,uconn-huskies,connecticut,Connecticut NCAA,Connecticut,connecticut,Connecticut
1894,Converse,,,,,,,,,
1900,Coppin St,1164,2154,Coppin State Eagles,coppin-state-eagles,coppin-state,Coppin State,Coppin State,coppin-state,CoppinState
1910,Cornell,1165,172,Cornell Big Red,cornell-big-red,cornell,Cornell,Cornell,cornell,
1919,Cornell IA,,,,,,,,,
1930,Cortland St,,,,,,,,,
1943,Covenant,,,,,,,,,
1950,Creighton,1166,156,Creighton Bluejays,creighton-bluejays,creighton,Creighton NCAA,Creighton,creighton,Creighton
1966,Crown MN,,,,,,,,,
1043,CS Bakersfield,1167,2934,Cal State Bakersfield Roadrunners,cal-state-bakersfield-roadrunners,cal-state-bakersfield,Cal State Bakersfield,Bakersfield,bakersfield,CSBakersfield
1046,CS Chico,,,,,,,,,
1053,CS Dom. Hills,,,,,,,,,
1057,CS Fullerton,1168,2239,Cal State Fullerton Titans,cal-state-fullerton-titans,cal-state-fullerton,Cal State Fullerton,Cal State Fullerton,cal-state-fullerton,
1076,CS Monterey Bay,,,,,,,,,
1062,CS Northridge,1169,2463,Cal State Northridge Matadors,cal-state-northridge-matadors,cal-state-northridge,Cal State Northridge,CSUN,csun,CSNorthridge
1087,CS Poly Pomona,,,,,,,,,
1067,CS Sacramento,1170,16,Sacramento State Hornets,sacramento-state-hornets,sacramento-state,Sacramento State,Sacramento State,sacramento-state,SacramentoState
1072,CS San Bern.,,,,,,,,,
69286,CS San Marcos,,,,,,,,,
1079,CS Stanislaus,,,,,,,,,
1972,CSU East Bay,,,,,,,,,
1761,CSU-Pueblo,,,,,,,,,
1883,CT College,,,,,,,,,
1998,Curry,,,,,,,,,
2016,D'Youville,,,,,,,,,
12147,D1 Independent,,,,,,,,,
2019,Daemen,,,,,,,,,
2034,Dallas Bap,,,,,,,,,
8219,Dallas Univ,,,,,,,,,
2052,Dartmouth,1171,159,Dartmouth Big Green,dartmouth-big-green,dartmouth,Dartmouth,Dartmouth,dartmouth,
2063,Davenport,,,,,,,,,
2069,Davidson,1172,2166,Davidson Wildcats,davidson-wildcats,davidson,Davidson,Davidson,davidson,Davidson
2075,Davis & Elkins,,,,,,,,,
2085,Dayton,1173,2168,Dayton Flyers,dayton-flyers,dayton,Dayton NCAA,Dayton,dayton,Dayton
2095,Dean,,,,,,,,,
2102,Defiance,,,,,,,,,
2108,Delaware,1174,48,Delaware Blue Hens,delaware-blue-hens,delaware,Delaware,Delaware,delaware,Delaware
2118,Delaware St,1175,2169,Delaware State Hornets,delaware-state-hornets,delaware-state,Delaware State,Delaware State,delaware-state,DelawareState
2125,Delaware Val,,,,,,,,,
2134,Delta St,,,,,,,,,
2139,Denison,,,,,,,,,
2147,Denver,1176,2172,Denver Pioneers,denver-pioneers,denver,Denver,Denver,denver,Denver
2157,DePaul,1177,305,DePaul Blue Demons,depaul-blue-demons,depaul,DePaul,DePaul,depaul,
2162,DePauw,,,,,,,,,
2171,DeSales,,,,,,,,,
2176,Detroit,1178,2174,Detroit Mercy Titans,detroit-mercy-titans,detroit-mercy,Detroit Mercy,Detroit,detroit,Detroit
2182,Dickinson,,,,,,,,,
2196,Dist Columbia,,,,,,,,,
2211,Dominican CA,,,,,,,,,
2217,Dominican IL,,,,,,,,,
2220,Dominican NY,,,,,,,,,
2236,Drake,1179,2181,Drake Bulldogs,drake-bulldogs,drake,Drake NCAA,Drake,drake,Drake
2241,Drew,,,,,,,,,
2246,Drexel,1180,2182,Drexel Dragons,drexel-dragons,drexel,Drexel,Drexel,drexel,Drexel
2256,Drury,,,,,,,,,
2260,Dubuque,,,,,,,,,
2265,Duke,1181,150,Duke Blue Devils,duke-blue-devils,duke,Duke NCAA,Duke,duke,Duke
2272,Duquesne,1182,2184,Duquesne Dukes,duquesne-dukes,duquesne,Duquesne NCAA,Duquesne,duquesne,Duquesne
2336,E Connecticut,,,,,,,,,
2341,E Illinois,1183,2197,Eastern Illinois Panthers,eastern-illinois-panthers,eastern-illinois,Eastern Illinois,Eastern Illinois,eastern-illinois,EasternIllinois
2346,E Kentucky,1184,2198,Eastern Kentucky Colonels,eastern-kentucky-colonels,eastern-kentucky,Eastern Kentucky,Eastern Kentucky,eastern-kentucky,EasternKentucky
2308,E Mennonite,,,,,,,,,
2353,E Michigan,1185,2199,Eastern Michigan Eagles,eastern-michigan-eagles,eastern-michigan,Eastern Michigan,Eastern Michigan,eastern-michigan,EasternMichigan
2360,E Nazarene,,,,,,,,,
2363,E New Mexico,,,,,,,,,
2314,E Stroudsburg,,,,,,,,,
2326,E Texas Bap,,,,,,,,,
2383,E Washington,1186,331,Eastern Washington Eagles,eastern-washington-eagles,eastern-washington,Eastern Washington,Eastern Washington,eastern-washington,EasternWashington
2286,Earlham,,,,,,,,,
2292,East Carolina,1187,151,East Carolina Pirates,east-carolina-pirates,east-carolina,East Carolina,East Carolina,east-carolina,EastCarolina
2301,East Central OK,,,,,,,,,
2375,Eastern Univ,,,,,,,,,
2388,Eckerd,,,,,,,,,
2393,Edgewood,,,,,,,,,
2396,Edinboro,,,,,,,,,
2405,Edward Waters,,,,,,,,,
2416,Eliz. City St,,,,,,,,,
2421,Elizabethtown,,,,,,,,,
2432,Elmhurst,,,,,,,,,
2436,Elmira,,,,,,,,,
2443,Elms,,,,,,,,,
2447,Elon,1189,2210,Elon Phoenix,elon-phoenix,elon,Elon,Elon,elon,Elon
2453,Embry-Riddle FL,,,,,,,,,
2455,Emerson,,,,,,,,,
2460,Emmanuel GA,,,,,,,,,
2463,Emmanuel MA,,,,,,,,,
2468,Emory,,,,,,,,,
2473,Emory & Henry,,,,,,,,,
2478,Emporia St,,,,,,,,,
2483,Endicott,,,,,,,,,
2497,Erskine,,,,,,,,,
2321,ETSU,1190,2193,East Tennessee State Buccaneers,east-tennessee-state-buccaneers,east-tennessee-state,East Tennessee State,East Tennessee State,east-tennessee-state,EastTennState
2506,Eureka,,,,,,,,,
2517,Evansville,1191,339,Evansville Purple Aces,evansville-purple-aces,evansville,Evansville,Evansville,evansville,Evansville
2536,F Dickinson,1192,161,Fairleigh Dickinson Knights,fairleigh-dickinson-knights,fairleigh-dickinson,FDU,Fairleigh Dickinson,fairleigh-dickinson,FairleighDickinson
2527,Fairfield,1193,2217,Fairfield Stags,fairfield-stags,fairfield,Fairfield,Fairfield,fairfield,Fairfield
2542,Fairmont St,,,,,,,,,
7673,Farmingdale,,,,,,,,,
2559,Fayetteville St,,,,,,,,,
2563,FDU Madison,,,,,,,,,
2569,Felician,,,,,,,,,
2572,Ferris St,,,,,,,,,
2579,Ferrum,,,,,,,,,
2649,FGCU,1195,526,Florida Gulf Coast Eagles,florida-gulf-coast-eagles,,,Florida Gulf Coast,florida-gulf-coast,FlaGulfCoast
2585,Findlay,,,,,,,,,
2613,Fitchburg St,,,,,,,,,
2638,FL Atlantic,1194,2226,Florida Atlantic Owls,florida-atlantic-owls,florida-atlantic,Florida Atlantic NCAA,Florida Atlantic,florida-atlantic,FloridaAtlantic
2661,FL Southern,,,,,,,,,
2619,Flagler,,,,,,,,,
2625,Florida,1196,57,Florida Gators,florida-gators,florida,Florida NCAA,Florida,florida,Florida
2633,Florida A&M,1197,50,Florida A&M Rattlers,florida-am-rattlers,florida-am,Florida A&M,Florida A&M,florida-am,FloridaAM
2652,Florida Intl,1198,2229,Florida International Panthers,florida-international-panthers,florida-international,Florida International,FIU,fiu,FloridaIntl
2666,Florida St,1199,52,Florida State Seminoles,florida-state-seminoles,florida-state,Florida State,Florida State,florida-state,FloridaState
2674,Florida Tech,,,,,,,,,
2678,Fontbonne,,,,,,,,,
2682,Fordham,1200,2230,Fordham Rams,fordham-rams,fordham,Fordham,Fordham,fordham,
2695,Fort Hays St,,,,,,,,,
2721,Fort Valley St,,,,,,,,,
2728,Framingham St,,,,,,,,,
2734,Francis Marion,,,,,,,,,
2738,Franciscan OH,,,,,,,,,
2741,Frank & Marsh,,,,,,,,,
2750,Franklin,,,,,,,,,
2755,Franklin Pierce,,,,,,,,,
2774,Fresno Pacific,,,,,,,,,
2776,Fresno St,1201,278,Fresno State Bulldogs,fresno-state-bulldogs,fresno-state,Fresno State,Fresno State,fresno-state,
2789,Frostburg St,,,,,,,,,
2703,Ft Lewis,,,,,,,,,
2800,Furman,1202,231,Furman Paladins,furman-paladins,furman,Furman,Furman,furman,Furman
2861,G Washington,1203,45,George Washington Revolutionaries,george-washington-revolutionaries,george-washington,George Washington,George Washington,george-washington,GeorgeWashington
2861,G Washington,1203,45,George Washington Revolutionaries,george-washington-revolutionaries,george-washington,George Washington,George Washington,george-washington,GeoWashington
2899,Ga Southern,1204,290,Georgia Southern Eagles,georgia-southern-eagles,georgia-southern,Georgia Southern,Georgia Southern,georgia-southern,GeorgiaSouthern
2809,Gallaudet,,,,,,,,,
2814,Gannon,,,,,,,,,
2825,Gardner Webb,1205,2241,Gardner-Webb Runnin' Bulldogs,gardner-webb-runnin-bulldogs,gardner-webb,Gardner-Webb,Gardner-Webb,gardner-webb,
2838,Geneseo St,,,,,,,,,
2844,Geneva,,,,,,,,,
2850,George Fox,,,,,,,,,
2855,George Mason,1206,2244,George Mason Patriots,george-mason-patriots,george-mason,George Mason,George Mason,george-mason,GeorgeMason
2868,Georgetown,1207,46,Georgetown Hoyas,georgetown-hoyas,georgetown,Georgetown,Georgetown,georgetown,Georgetown
2881,Georgia,1208,61,Georgia Bulldogs,georgia-bulldogs,georgia,Georgia,Georgia,georgia,Georgia
2890,Georgia C&S,,,,,,,,,
2907,Georgia St,1209,2247,Georgia State Panthers,georgia-state-panthers,georgia-state,Georgia State,Georgia State,georgia-state,GeorgiaState
2904,Georgia SW,,,,,,,,,
2911,Georgia Tech,1210,59,Georgia Tech Yellow Jackets,georgia-tech-yellow-jackets,georgia-tech,Georgia Tech,Georgia Tech,georgia-tech,GeorgiaTech
2922,Georgian Court,,,,,,,,,
2926,Gettysburg,,,,,,,,,
2937,Glenville St,,,,,,,,,
2951,Goldey Beacom,,,,,,,,,
2954,Gonzaga,1211,2250,Gonzaga Bulldogs,gonzaga-bulldogs,gonzaga,Gonzaga NCAA,Gonzaga,gonzaga,Gonzaga
2961,Gordon,,,,,,,,,
2972,Goucher,,,,,,,,,
2988,Grambling,1212,2755,Grambling Tigers,grambling-tigers,grambling,Grambling NCAA,Grambling State,grambling-state,Grambling
2993,Grand Canyon,1213,2253,Grand Canyon Lopes,grand-canyon-lopes,grand-canyon,Grand Canyon NCAA,Grand Canyon,grand-canyon,GrandCanyon
3003,Grand Valley St,,,,,,,,,
3031,Greensboro,,,,,,,,,
3039,Greenville,,,,,,,,,
3046,Grinnell,,,,,,,,,
3052,Grove City,,,,,,,,,
3061,Guilford,,,,,,,,,
3071,Gust Adolphus,,,,,,,,,
3078,Gwynedd-Mercy,,,,,,,,,
3087,Hamilton,,,,,,,,,
3097,Hamline,,,,,,,,,
3106,Hampden-Sydney,,,,,,,,,
3112,Hampton,1214,2261,Hampton Pirates,hampton-pirates,hampton,Hampton,Hampton,hampton,Hampton
3121,Hanover,,,,,,,,,
3128,Hardin-Simmons,1215,,,,,,,,
3133,Harding,,,,,,,,,
3150,Hartford,1216,,,,,,,,Hartford
3156,Hartwick,,,,,,,,,
3162,Harvard,1217,108,Harvard Crimson,harvard-crimson,harvard,Harvard,Harvard,harvard,
3190,Haverford,,,,,,,,,
3197,Hawaii,1218,62,Hawai'i Rainbow Warriors,hawaii-rainbow-warriors,hawaii,Hawaii,Hawaii,hawaii,
3204,Hawaii Hilo,,,,,,,,,
3207,Hawaii Pacific,,,,,,,,,
3214,Heidelberg,,,,,,,,,
3219,Henderson St,,,,,,,,,
3224,Hendrix,,,,,,,,,
3244,High Point,1219,2272,High Point Panthers,high-point-panthers,high-point,High Point,High Point,high-point,HighPoint
3254,Hilbert,,,,,,,,,
3262,Hillsdale,,,,,,,,,
3273,Hiram,,,,,,,,,
3280,Hobart & Smith,,,,,,,,,
3288,Hofstra,1220,2275,Hofstra Pride,hofstra-pride,hofstra,Hofstra,Hofstra,hofstra,Hofstra
3304,Holy Cross,1221,107,Holy Cross Crusaders,holy-cross-crusaders,holy-cross,Holy Cross,Holy Cross,holy-cross,
3314,Holy Family,,,,,,,,,
3324,Hood,,,,,,,,,
3329,Hope,,,,,,,,,
3344,Houghton,,,,,,,,,
3347,Houston,1222,248,Houston Cougars,houston-cougars,houston,Houston NCAA,Houston,houston,Houston
3354,Houston Chr,1223,2277,Houston Christian Huskies,houston-christian-huskies,houston-baptist,Houston Christian,Houston Christian,houston-christian,HoustonBaptist
3359,Howard,1224,47,Howard Bison,howard-bison,howard,Howard NCAA,Howard,howard,Howard
3370,Howard Payne,,,,,,,,,
3382,Humboldt St,,,,,,,,,
3386,Hunter,,,,,,,,,
3389,Huntingdon,,,,,,,,,
3401,Husson,,,,,,,,,
3415,Idaho,1225,70,Idaho Vandals,idaho-vandals,idaho,Idaho,Idaho,idaho,Idaho
3421,Idaho St,1226,304,Idaho State Bengals,idaho-state-bengals,idaho-state,Idaho State,Idaho State,idaho-state,IdahoState
3437,IL Chicago,1227,82,UIC Flames,uic-flames,illinois-chicago,Illinois-Chicago,UIC,uic,IllinoisChicago
3465,IL Springfield,,,,,,,,,
3455,IL Tech,,,,,,,,,
3460,IL Wesleyan,,,,,,,,,
3425,Illinois,1228,356,Illinois Fighting Illini,illinois-fighting-illini,illinois,Illinois NCAA,Illinois,illinois,Illinois
3442,Illinois Col,,,,,,,,,
3449,Illinois St,1229,2287,Illinois State Redbirds,illinois-state-redbirds,illinois-state,Illinois State,Illinois State,illinois-state,IllinoisState
3469,Immaculata,,,,,,,,,
3473,Incarnate Word,1230,2916,Incarnate Word Cardinals,incarnate-word-cardinals,incarnate-word,Incarnate Word,Incarnate Word,incarnate-word,IncarnateWord
3484,Indiana,1231,84,Indiana Hoosiers,indiana-hoosiers,indiana,Indiana,Indiana,indiana,Indiana
3494,Indiana PA,,,,,,,,,
3509,Indiana St,1232,282,Indiana State Sycamores,indiana-state-sycamores,indiana-state,Indiana State,Indiana State,indiana-state,
3526,Indianapolis,,,,,,,,,
3533,Iona,1233,314,Iona Gaels,iona-gaels,iona,Iona,Iona,iona,Iona
3540,Iowa,1234,2294,Iowa Hawkeyes,iowa-hawkeyes,iowa,Iowa,Iowa,iowa,Iowa
3554,Iowa St,1235,66,Iowa State Cyclones,iowa-state-cyclones,iowa-state,Iowa State NCAA,Iowa State,iowa-state,IowaState
3577,Ithaca,,,,,,,,,
3500,IUPUI,1237,85,IUPUI Jaguars,iupui-jaguars,iupui,IUPUI,IUPUI,iupui,
3671,J&W RI,,,,,,,,,
3592,Jackson St,1238,2296,Jackson State Tigers,jackson-state-tigers,jackson-state,Jackson State,Jackson State,jackson-state,JacksonState
3599,Jacksonville,1239,294,Jacksonville Dolphins,jacksonville-dolphins,jacksonville,Jacksonville,Jacksonville,jacksonville,Jacksonville
3606,Jacksonville St,1240,55,Jacksonville State Gamecocks,jacksonville-state-gamecocks,jacksonville-state,Jacksonville State,Jacksonville State,jacksonville-state,JacksonvilleState
3611,James Madison,1241,256,James Madison Dukes,james-madison-dukes,james-madison,James Madison NCAA,James Madison,james-madison,JamesMadison
3678,JC Smith,,,,,,,,,
3645,John Carroll,,,,,,,,,
3651,John Jay,,,,,,,,,
3657,Johns Hopkins,,,,,,,,,
3702,Juniata,,,,,,,,,
3707,Kalamazoo,,,,,,,,,
3717,Kansas,1242,2305,Kansas Jayhawks,kansas-jayhawks,kansas,Kansas NCAA,Kansas,kansas,Kansas
3731,Kansas St,1243,2306,Kansas State Wildcats,kansas-state-wildcats,kansas-state,Kansas State,Kansas State,kansas-state,KansasState
3744,Kean,,,,,,,,,
3753,Keene St,,,,,,,,,
3766,Kennesaw,1244,338,Kennesaw State Owls,kennesaw-state-owls,kennesaw-state,Kennesaw State,Kennesaw State,kennesaw-state,KennesawSt
3771,Kent,1245,2309,Kent State Golden Flashes,kent-state-golden-flashes,kent-state,Kent State,Kent State,kent-state,KentState
3781,Kentucky,1246,96,Kentucky Wildcats,kentucky-wildcats,kentucky,Kentucky NCAA,Kentucky,kentucky,Kentucky
3791,Kentucky St,,,,,,,,,
3801,Kenyon,,,,,,,,,
3808,Keuka,,,,,,,,,
3813,Keystone,,108860,Keystone,,,,,,
3820,King,,,,,,,,,
3829,King's PA,,,,,,,,,
3848,Knox,,,,,,,,,
3857,Kutztown,,,,,,,,,
3796,KY Wesleyan,,,,,,,,,
3866,La Roche,,,,,,,,,
3869,La Salle,1247,2325,La Salle Explorers,la-salle-explorers,la-salle,La Salle,La Salle,la-salle,LaSalle
3878,La Verne,,,,,,,,,
3888,Lafayette,1248,322,Lafayette Leopards,lafayette-leopards,lafayette,Lafayette,Lafayette,lafayette,
3896,LaGrange,,548,LaGrange Panthers,lagrange-college-panthers,,,,,
3901,Lake Erie,,,,,,,,,
3904,Lake Forest,,,,,,,,,
3919,Lake Superior,,,,,,,,,
3926,Lakeland,,,,,,,,,
3935,Lamar,1249,2320,Lamar Cardinals,lamar-cardinals,lamar,Lamar,Lamar,lamar,Lamar
3946,Lancaster Bib,,,,,,,,,
3950,Lander,,,,,,,,,
3956,Lane,,,,,,,,,
3973,Lasell,,,,,,,,,
3985,Lawrence,,,,,,,,,
3994,Le Moyne,1478,2330,Le Moyne Dolphins,le-moyne-dolphins,le-moyne,Le Moyne,Le Moyne,le-moyne,
4001,Le Tourneau,,,,,,,,,
4007,Lebanon Val,,,,,,,,,
4014,Lee TN,,,,,,,,,
4019,Lees-McRae,,,,,,,,,
4024,Lehigh,1250,2329,Lehigh Mountain Hawks,lehigh-mountain-hawks,lehigh,Lehigh,Lehigh,lehigh,
4034,Lehman,,,,,,,,,
4039,LeMoyne-Owen,,,,,,,,,
4046,Lenoir-Rhyne,,,,,,,,,
4051,Lesley,,,,,,,,,
4058,Lewis,,,,,,,,,
4062,Lewis & Clark,,,,,,,,,
4076,Liberty,1251,2335,Liberty Flames,liberty-flames,liberty,Liberty,Liberty,liberty,Liberty
4085,Limestone,,,,,,,,,
4102,Lincoln Mem,,,,,,,,,
4106,Lincoln MO,,,,,,,,,
4111,Lincoln PA,,,,,,,,,
4116,Lindenwood,1473,2815,Lindenwood Lions,lindenwood-lions,lindenwood,Lindenwood,Lindenwood,lindenwood,
4128,Linfield,,,,,,,,,
2065,Lipscomb,1252,288,Lipscomb Bisons,lipscomb-bisons,lipscomb,Lipscomb,Lipscomb,lipscomb,Lipscomb
4164,LIU Brooklyn,1254,112358,Long Island University Sharks,long-island-university-sharks,long-island-university,Long Island University,LIU,liu,
4141,Livingstone,,,,,,,,,
4145,Lock Haven,,,,,,,,,
4159,Long Beach St,1253,299,Long Beach State Beach,long-beach-state-beach,long-beach-state,Long Beach State NCAA,Long Beach State,long-beach-state,LongBeachState
4170,Longwood,1255,2344,Longwood Lancers,longwood-lancers,longwood,Longwood NCAA,Longwood,longwood,Longwood
4176,Loras,,,,,,,,,
4194,Louisiana,1418,309,Louisiana Ragin' Cajuns,louisiana-ragin-cajuns,louisiana-lafayette,Louisiana,Louisiana-Lafayette,louisiana-lafayette,UL-Lafayette
4218,Louisiana Tech,1256,2348,Louisiana Tech Bulldogs,louisiana-tech-bulldogs,louisiana-tech,Louisiana Tech,Louisiana Tech,louisiana-tech,LouisianaTech
4224,Louisville,1257,97,Louisville Cardinals,louisville-cardinals,louisville,Louisville,Louisville,louisville,Louisville
4238,Loy Marymount,1258,2351,Loyola Marymount Lions,loyola-marymount-lions,loyola-marymount,Loyola Marymount,Loyola Marymount,loyola-marymount,LoyolaMarymount
4245,Loyola MD,1259,2352,Loyola Maryland Greyhounds,loyola-maryland-greyhounds,loyola-md,Loyola (MD),Loyola Maryland,loyola-maryland,
4254,Loyola-Chicago,1260,2350,Loyola Chicago Ramblers,loyola-chicago-ramblers,loyola-il,Loyola (IL),Loyola Chicago,loyola-chicago,LoyolaChicago
4206,LSU,1261,99,LSU Tigers,lsu-tigers,louisiana-state,Louisiana State,LSU,lsu,LSU
4261,Lubbock Chr,,,,,,,,,
4270,Luther IA,,,,,,,,,
4274,Lycoming,,,,,,,,,
4280,Lynchburg,,,,,,,,,
4291,Lynn,,,,,,,,,
4295,Lyon,,,,,,,,,
4458,M Hardin-Baylor,,,,,,,,,
4525,MA Boston,,,,,,,,,
4517,MA Col Lib Arts,,,,,,,,,
4532,MA Dartmouth,,,,,,,,,
4540,MA Lowell,1262,2349,UMass Lowell River Hawks,umass-lowell-river-hawks,massachusetts-lowell,Massachusetts-Lowell,Massachusetts-Lowell,massachusetts-lowell,UMassLowell
4298,Macalester,,,,,,,,,
4319,Maine,1263,311,Maine Black Bears,maine-black-bears,maine,Maine,Maine,maine,
4348,Malone,,,,,,,,,
4354,Manchester,,,,,,,,,
4360,Manhattan,1264,2363,Manhattan Jaspers,manhattan-jaspers,manhattan,Manhattan,Manhattan,manhattan,
4371,Manhattanville,,,,,,,,,
4383,Mansfield,,,,,,,,,
4389,Maranatha Bap,,,,,,,,,
4403,Marian WI,,,,,,,,,
4407,Marietta,,,,,,,,,
4417,Marist,1265,2368,Marist Red Foxes,marist-red-foxes,marist,Marist,Marist,marist,Marist
4425,Marquette,1266,269,Marquette Golden Eagles,marquette-golden-eagles,marquette,Marquette NCAA,Marquette,marquette,Marquette
4430,Mars Hill,,,,,,,,,
4436,Marshall,1267,276,Marshall Thundering Herd,marshall-thundering-herd,marshall,Marshall,Marshall,marshall,Marshall
4446,Martin Luther,,,,,,,,,
4455,Mary Baldwin,,,,,,,,,
4463,Mary ND,,,,,,,,,
4467,Mary Washington,,,,,,,,,
4474,Maryland,1268,120,Maryland Terrapins,maryland-terrapins,maryland,Maryland,Maryland,maryland,Maryland
4500,Marymount VA,,,,,,,,,
4506,Maryville MO,,,,,,,,,
4509,Maryville TN,,,,,,,,,
4514,Marywood,,,,,,,,,
4548,Massachusetts,1269,113,Massachusetts Minutemen,massachusetts-minutemen,massachusetts,Massachusetts,Massachusetts,massachusetts,
4583,McDaniel,,,,,,,,,
4599,McKendree,,,,,,,,,
4609,McMurry,,,,,,,,,
4613,McNeese St,1270,2377,McNeese Cowboys,mcneese-cowboys,mcneese-state,McNeese State NCAA,McNeese State,mcneese-state,McNeeseState
4494,MD E Shore,1271,2379,Maryland-Eastern Shore Hawks,maryland-eastern-shore-hawks,maryland-eastern-shore,Maryland-Eastern Shore,Maryland Eastern Shore,maryland-eastern-shore,
4329,ME Farmington,,,,,,,,,
4336,ME Maritime,,,,,,,,,
4341,ME Presque Isle,,,,,,,,,
4623,Medaille,,,,,,,,,
4629,Medgar Evers,,,,,,,,,
4636,Memphis,1272,235,Memphis Tigers,memphis-tigers,memphis,Memphis,Memphis,memphis,Memphis
4649,Mercer,1273,2382,Mercer Bears,mercer-bears,mercer,Mercer,Mercer,mercer,Mercer
4657,Merchant Marine,,,,,,,,,
4662,Mercy,,,,,,,,,
4665,Mercyhurst,4665,2385,Mercyhurst Lakers,mercyhurst-lakers,,unknown,Mercyhurst,mercyhurst,
4682,Merrimack,1467,2771,Merrimack Warriors,merrimack-warriors,merrimack,Merrimack,Merrimack College,merrimack-college,
4703,Messiah,,,,,,,,,
4710,Methodist,,,,,,,,,
4715,Metro St,,,,,,,,,
4719,Miami FL,1274,2390,Miami Hurricanes,miami-hurricanes,miami-fl,Miami (FL),Miami (FL),miami-fl,MiamiFlorida
4725,Miami OH,1275,193,Miami (OH) RedHawks,miami-oh-redhawks,miami-oh,Miami (OH),Miami (OH),miami-oh,MiamiOhio
4741,Michigan,1276,130,Michigan Wolverines,michigan-wolverines,michigan,Michigan,Michigan,michigan,Michigan
4757,Michigan St,1277,127,Michigan State Spartans,michigan-state-spartans,michigan-state,Michigan State NCAA,Michigan State,michigan-state,MichiganState
4767,Michigan Tech,,,,,,,,,
4791,Middlebury,,,,,,,,,
4809,Midwest TX St,,,,,,,,,
4813,Miles,,,,,,,,,
4820,Millersville,,,,,,,,,
4831,Millikin,,,,,,,,,
4837,Millsaps,,,,,,,,,
4844,Milwaukee Eng,,,,,,,,,
4858,Minnesota,1278,135,Minnesota Golden Gophers,minnesota-golden-gophers,minnesota,Minnesota,Minnesota,minnesota,Minnesota
4906,Minot St,,,,,,,,,
4911,Misericordia,,,,,,,,,
4920,Mississippi,1279,145,Ole Miss Rebels,ole-miss-rebels,mississippi,Mississippi,Ole Miss,ole-miss,
4926,Mississippi Col,,,,,,,,,
4936,Mississippi St,1280,344,Mississippi State Bulldogs,mississippi-state-bulldogs,mississippi-state,Mississippi State NCAA,Mississippi State,mississippi-state,MississippiState
4948,Missouri,1281,142,Missouri Tigers,missouri-tigers,missouri,Missouri,Missouri,missouri,Missouri
4961,Missouri KC,1282,140,Kansas City Roos,kansas-city-roos,missouri-kansas-city,Kansas City,Kansas City,kansas-city,UMKC
4986,Missouri S&T,,,,,,,,,
4970,Missouri St,1283,2623,Missouri State Bears,missouri-state-bears,missouri-state,Missouri State,Missouri State,missouri-state,
4560,MIT,,,,,,,,,
4996,Mitchell,,,,,,,,,
4893,MN Crookston,,,,,,,,,
4870,MN Duluth,,,,,,,,,
4882,MN Mankato,,,,,,,,,
4898,MN Morris,,,,,,,,,
4965,MO Southern,,,,,,,,,
4991,MO St Louis,,,,,,,,,
4982,MO Western,,,,,,,,,
5012,Molloy,,,,,,,,,
5018,Monmouth IL,,,,,,,,,
5023,Monmouth NJ,1284,2405,Monmouth Hawks,monmouth-hawks,monmouth,Monmouth,Monmouth,monmouth,
5035,Montana,1285,149,Montana Grizzlies,montana-grizzlies,montana,Montana,Montana,montana,Montana
5042,Montana St,1286,147,Montana State Bobcats,montana-state-bobcats,montana-state,Montana State NCAA,Montana State,montana-state,MontanaState
5059,Montclair St,,,,,,,,,
5068,Montevallo,,,,,,,,,
5090,Moorhead St,,,,,,,,,
5098,Moravian,,,,,,,,,
5105,Morehead St,1287,2413,Morehead State Eagles,morehead-state-eagles,morehead-state,Morehead State NCAA,Morehead State,morehead-state,MoreheadState
5110,Morehouse,,,,,,,,,
5114,Morgan St,1288,2415,Morgan State Bears,morgan-state-bears,morgan-state,Morgan State,Morgan State,morgan-state,MorganState
5132,Morrisville St,,,,,,,,,
4942,MS Valley St,1290,2400,Mississippi Valley State Delta Devils,mississippi-valley-state-delta-devils,mississippi-valley-state,Mississippi Valley State,Mississippi Valley State,mississippi-valley-state,MississippiValleyState
4942,MS Valley St,1290,2400,Mississippi Valley State Delta Devils,mississippi-valley-state-delta-devils,mississippi-valley-state,Mississippi Valley State,Mississippi Valley State,mississippi-valley-state,MissValleySt
4947,MS Women,,126826,Mississippi University For Women Mississippi Univ. For Women,,,,,,
5148,Mt Aloysius,,,,,,,,,
5170,Mt Olive,,,,,,,,,
5182,Mt St Joseph,,,,,,,,,
5215,Mt St Mary NY,,,,,,,,,
5187,Mt St Mary's,1291,116,Mount St. Mary's Mountaineers,mount-st-marys-mountaineers,mount-st-marys,Mount St. Mary's,Mount St. Mary's,mount-st-marys,Mt.St.Mary's
5194,Mt St Vincent,,,,,,,,,
5046,MT St-Billings,,,,,,,,,
5199,Mt Union,,,,,,,,,
4785,MTSU,1292,2393,Middle Tennessee Blue Raiders,middle-tennessee-blue-raiders,middle-tennessee,Middle Tennessee,Middle Tennessee,middle-tennessee,MiddleTennSt
5219,Muhlenberg,,,,,,,,,
5228,Murray St,1293,93,Murray State Racers,murray-state-racers,murray-state,Murray State,Murray State,murray-state,MurrayState
5236,Muskingum,,,,,,,,,
5523,N Central IL,,,,,,,,,
5532,N Central MN,,,,,,,,,
5625,N Colorado,1294,2458,Northern Colorado Bears,northern-colorado-bears,northern-colorado,Northern Colorado,Northern Colorado,northern-colorado,
5545,N Dakota St,1295,2449,North Dakota State Bison,north-dakota-state-bison,north-dakota-state,North Dakota State,North Dakota State,north-dakota-state,NorthDakotaState
5335,N England Col,,,,,,,,,
5634,N Illinois,1296,2459,Northern Illinois Huskies,northern-illinois-huskies,northern-illinois,Northern Illinois,Northern Illinois,northern-illinois,NorthernIllinois
5646,N Kentucky,1297,94,Northern Kentucky Norse,northern-kentucky-norse,northern-kentucky,Northern Kentucky,Northern Kentucky,northern-kentucky,NorthernKentucky
5651,N Michigan,,,,,,,,,
5253,Navy,1298,2426,Navy Midshipmen,navy-midshipmen,navy,Navy,Navy,navy,Navy
5266,Nazareth,,,,,,,,,
5500,NC A&T,1299,2448,North Carolina A&T Aggies,north-carolina-at-aggies,north-carolina-at,North Carolina A&T,North Carolina A&T,north-carolina-at,N.CarolinaAT
5500,NC A&T,1299,2448,North Carolina A&T Aggies,north-carolina-at-aggies,north-carolina-at,North Carolina A&T,North Carolina A&T,north-carolina-at,NorthCarolinaAT
5505,NC Central,1300,2428,North Carolina Central Eagles,north-carolina-central-eagles,north-carolina-central,North Carolina Central,North Carolina Central,north-carolina-central,NCCentral
5505,NC Central,1300,2428,North Carolina Central Eagles,north-carolina-central-eagles,north-carolina-central,North Carolina Central,North Carolina Central,north-carolina-central,NorthCarolinaCentral
5274,NC Pembroke,,,,,,,,,
5511,NC State,1301,152,NC State Wolfpack,nc-state-wolfpack,north-carolina-state,NC State NCAA,North Carolina State,north-carolina-state,NCState
5518,NC Wesleyan,,,,,,,,,
12836,NCAA II Ind,,,,,,,,,
5295,NE Kearney,,,,,,,,,
5599,NE Oklahoma,,,,,,,,,
5300,NE Omaha,1303,2437,Omaha Mavericks,omaha-mavericks,nebraska-omaha,Omaha,Omaha,omaha,NebraskaOmaha
5291,NE Wesleyan,,,,,,,,,
5279,Nebraska,1304,158,Nebraska Cornhuskers,nebraska-cornhuskers,nebraska,Nebraska NCAA,Nebraska,nebraska,Nebraska
5309,Neumann,,,,,,,,,
5316,Nevada,1305,2440,Nevada Wolf Pack,nevada-wolf-pack,nevada,Nevada NCAA,Nevada,nevada,Nevada
5342,New Hampshire,1306,160,New Hampshire Wildcats,new-hampshire-wildcats,new-hampshire,New Hampshire,New Hampshire,new-hampshire,NewHampshire
5354,New Haven,,,,,,,,,
5371,New Mexico,1307,167,New Mexico Lobos,new-mexico-lobos,new-mexico,New Mexico NCAA,New Mexico,new-mexico,
5387,New Mexico St,1308,166,New Mexico State Aggies,new-mexico-state-aggies,new-mexico-state,New Mexico State,New Mexico State,new-mexico-state,
5394,New Orleans,1309,2443,New Orleans Privateers,new-orleans-privateers,new-orleans,New Orleans,New Orleans,new-orleans,NewOrleans
5424,Newberry,,,,,,,,,
5434,Newman,,,,,,,,,
5444,Niagara,1310,315,Niagara Purple Eagles,niagara-purple-eagles,niagara,Niagara,Niagara,niagara,Niagara
5455,Nicholls St,1311,2447,Nicholls Colonels,nicholls-colonels,nicholls-state,Nicholls State,Nicholls,nicholls,NichollsState
5461,Nichols,,,,,,,,,
5362,NJ City,,,,,,,,,
5366,NJIT,1312,2885,NJIT Highlanders,njit-highlanders,njit,NJIT,NJIT,njit,
5378,NM Highlands,,,,,,,,,
5475,Norfolk St,1313,2450,Norfolk State Spartans,norfolk-state-spartans,norfolk-state,Norfolk State,Norfolk State,norfolk-state,NorfolkState
5484,North Alabama,1466,2453,North Alabama Lions,north-alabama-lions,north-alabama,North Alabama,North Alabama,north-alabama,
5492,North Carolina,1314,153,North Carolina Tar Heels,north-carolina-tar-heels,north-carolina,North Carolina NCAA,North Carolina,north-carolina,NorthCarolina
5538,North Dakota,1315,155,North Dakota Fighting Hawks,north-dakota-fighting-hawks,north-dakota,North Dakota,North Dakota,north-dakota,NorthDakota
5558,North Florida,1316,2454,North Florida Ospreys,north-florida-ospreys,north-florida,North Florida,North Florida,north-florida,NorthFlorida
5563,North Georgia,,,,,,,,,
5566,North Greenville,,,,,,,,,
5577,North Park,,,,,,,,,
5584,North Texas,1317,249,North Texas Mean Green,north-texas-mean-green,north-texas,North Texas,North Texas,north-texas,NorthTexas
5603,Northeastern,1318,111,Northeastern Huskies,northeastern-huskies,northeastern,Northeastern,Northeastern,northeastern,
5620,Northern Arizona,1319,2464,Northern Arizona Lumberjacks,northern-arizona-lumberjacks,northern-arizona,Northern Arizona,Northern Arizona,northern-arizona,NorthernArizona
5641,Northern Iowa,1320,2460,Northern Iowa Panthers,northern-iowa-panthers,northern-iowa,Northern Iowa,Northern Iowa,northern-iowa,NorthernIowa
5661,Northern St SD,,,,,,,,,
5667,Northland,,,,,,,,,
5704,Northwestern,1321,77,Northwestern Wildcats,northwestern-wildcats,northwestern,Northwestern NCAA,Northwestern,northwestern,Northwestern
5724,Northwestern LA,1322,2466,Northwestern State Demons,northwestern-state-demons,northwestern-state,Northwestern State,Northwestern State,northwestern-state,NorthwesternState
5721,Northwestern MN,,,,,,,,,
5732,Northwood MI,,,,,,,,,
5741,Norwich,,,,,,,,,
5749,Notre Dame,1323,87,Notre Dame Fighting Irish,notre-dame-fighting-irish,notre-dame,Notre Dame,Notre Dame,notre-dame,NotreDame
5763,Notre Dame MD,,,,,,,,,
5765,Notre Dame OH,,,,,,,,,
5773,Nova SE,,,,,,,,,
3684,NVU-Johnson,,,,,,,,,
4288,NVU-Lyndon,,,,,,,,,
5684,NW Missouri,,,,,,,,,
5689,NW Nazarene,,,,,,,,,
5693,NW Oklahoma St,,,,,,,,,
5417,NYU,,,,,,,,,
5783,Oakland,1324,2473,Oakland Golden Grizzlies,oakland-golden-grizzlies,oakland,Oakland NCAA,Oakland,oakland,Oakland
5801,Oberlin,,,,,,,,,
5807,Occidental,,,,,,,,,
5821,Oglethorpe,,,,,,,,,
5836,OH Dominican,,,,,,,,,
5825,Ohio,1325,195,Ohio Bobcats,ohio-bobcats,ohio,Ohio,Ohio,ohio,Ohio
5844,Ohio Northern,,,,,,,,,
5850,Ohio St,1326,194,Ohio State Buckeyes,ohio-state-buckeyes,ohio-state,Ohio State,Ohio State,ohio-state,OhioState
5869,Ohio Wesleyan,,,,,,,,,
5893,OK Baptist,,,,,,,,,
5886,Oklahoma,1328,201,Oklahoma Sooners,oklahoma-sooners,oklahoma,Oklahoma,Oklahoma,oklahoma,Oklahoma
5899,Oklahoma Chr,,,,,,,,,
5912,Oklahoma St,1329,197,Oklahoma State Cowboys,oklahoma-state-cowboys,oklahoma-state,Oklahoma State,Oklahoma State,oklahoma-state,OklahomaState
5925,Old Dominion,1330,295,Old Dominion Monarchs,old-dominion-monarchs,old-dominion,Old Dominion,Old Dominion,old-dominion,OldDominion
5929,Old Westbury,,,,,,,,,
5935,Olivet MI,,,,,,,,,
5955,Oral Roberts,1331,198,Oral Roberts Golden Eagles,oral-roberts-golden-eagles,oral-roberts,Oral Roberts,Oral Roberts,oral-roberts,OralRoberts
5961,Oregon,1332,2483,Oregon Ducks,oregon-ducks,oregon,Oregon NCAA,Oregon,oregon,Oregon
5970,Oregon St,1333,204,Oregon State Beavers,oregon-state-beavers,oregon-state,Oregon State,Oregon State,oregon-state,OregonState
5984,Oswego St,,,,,,,,,
6001,Otterbein,,,,,,,,,
6007,Ouachita,,,,,,,,,
6035,Pac Lutheran,,,,,,,,,
6020,Pace,,,,,,,,,
6026,Pacific,1334,279,Pacific Tigers,pacific-tigers,pacific,Pacific,Pacific,pacific,Pacific
6042,Pacific OR,,,,,,,,,
6051,Paine,,,,,,,,,
6054,Palm Beach Atl,,,,,,,,,
6095,Peace,,,,,,,,,
6103,Penn,1335,219,Pennsylvania Quakers,pennsylvania-quakers,pennsylvania,Pennsylvania,Penn,penn,
6145,Penn Col Tech,,,,,,,,,
6114,Penn St,1336,213,Penn State Nittany Lions,penn-state-nittany-lions,penn-state,Penn State,Penn State,penn-state,PennState
6161,Pepperdine,1337,2492,Pepperdine Waves,pepperdine-waves,pepperdine,Pepperdine,Pepperdine,pepperdine,Pepperdine
8261,Permian Basin,,,,,,,,,
6173,Pfeiffer,,,,,,,,,
3586,PFW,1236,2870,Purdue Fort Wayne Mastodons,purdue-fort-wayne-mastodons,ipfw,Purdue Fort Wayne,Purdue Fort Wayne,purdue-fort-wayne,IPFW
6208,Piedmont,,,,,,,,,
6249,Pitt-Bradford,,,,,,,,,
6226,Pitt-Greensburg,,,,,,,,,
6252,Pitt-Johnstown,,,,,,,,,
6231,Pittsburg St,,,,,,,,,
6236,Pittsburgh,1338,221,Pittsburgh Panthers,pittsburgh-panthers,pittsburgh,Pittsburgh,Pittsburgh,pittsburgh,Pittsburgh
6257,Plattsburgh St,,,,,,,,,
6265,Plymouth St,,,,,,,,,
6273,Point Loma,,,,,,,,,
6286,Pomona-Pitzer,,,,,,,,,
6296,Portland,1339,2501,Portland Pilots,portland-pilots,portland,Portland,Portland,portland,Portland
6302,Portland St,1340,2502,Portland State Vikings,portland-state-vikings,portland-state,Portland State,Portland State,portland-state,PortlandState
7782,Post,,,,,,,,,
6370,PR Bayamon,,,,,,,,,
6317,Prairie View,1341,2504,Prairie View A&M Panthers,prairie-view-am-panthers,prairie-view,Prairie View,Prairie View A&M,prairie-view-am,PrairieViewAM
6324,Pratt Inst,,,,,,,,,
6326,Presbyterian,1342,2506,Presbyterian Blue Hose,presbyterian-blue-hose,presbyterian,Presbyterian,Presbyterian,presbyterian,Presbyterian
6339,Princeton,1343,163,Princeton Tigers,princeton-tigers,princeton,Princeton,Princeton,princeton,
6353,Principia,,,,,,,,,
6358,Providence,1344,2507,Providence Friars,providence-friars,providence,Providence,Providence,providence,Providence
69833,PSU-Abington,,,,,,,,,
6128,PSU-Altoona,,,,,,,,,
6132,PSU-Behrend,,,,,,,,,
6124,PSU-Berks,,,,,,,,,
6139,PSU-Harrisburg,,,,,,,,,
6382,Puget Sound,,,,,,,,,
6390,Purchase,,,,,,,,,
6393,Purdue,1345,2509,Purdue Boilermakers,purdue-boilermakers,purdue,Purdue NCAA,Purdue,purdue,Purdue
6402,Purdue Northwest,,,,,,,,,
6412,Queens NC,1474,2511,Queens University Royals,queens-university-royals,queens-nc,Queens (NC),Queens (NC),queens-nc,
6417,Queens NY,,,,,,,,,
6428,Quincy,,,,,,,,,
6434,Quinnipiac,1346,2514,Quinnipiac Bobcats,quinnipiac-bobcats,quinnipiac,Quinnipiac,Quinnipiac,quinnipiac,Quinnipiac
6542,R Stockton,,,,,,,,,
6444,Radford,1347,2515,Radford Highlanders,radford-highlanders,radford,Radford,Radford,radford,Radford
6453,Ramapo,,,,,,,,,
6464,Randolph Col,,,,,,,,,
6458,Randolph-Macon,,,,,,,,,
6476,Redlands,,,,,,,,,
6488,Regis CO,,,,,,,,,
6494,Regis MA,,,,,,,,,
6505,Rensselaer,,,,,,,,,
6516,Rhode Island,1348,227,Rhode Island Rams,rhode-island-rams,rhode-island,Rhode Island,Rhode Island,rhode-island,RhodeIsland
6529,Rhodes,,,,,,,,,
6525,RI College,,,,,,,,,
6535,Rice,1349,242,Rice Owls,rice-owls,rice,Rice,Rice,rice,Rice
6547,Richmond,1350,257,Richmond Spiders,richmond-spiders,richmond,Richmond,Richmond,richmond,Richmond
6554,Rider,1351,2520,Rider Broncs,rider-broncs,rider,Rider,Rider,rider,Rider
6568,Ripon,,,,,,,,,
6574,Rivier,,,,,,,,,
6579,Roanoke,,,,,,,,,
6588,Robert Morris,1352,2523,Robert Morris Colonials,robert-morris-colonials,robert-morris,Robert Morris,Robert Morris,robert-morris,
6604,Roberts Wslyn,,,,,,,,,
6613,Rochester NY,,,,,,,,,
6622,Rochester Tech,,,,,,,,,
6633,Rockford,,,,,,,,,
6640,Rockhurst,,,,,,,,,
6651,Roger Williams,,,,,,,,,
74793,Rogers St,,,,,,,,,
6657,Rollins,,,,,,,,,
6663,Rose-Hulman,,,,,,,,,
6672,Rosemont,,,,,,,,,
6676,Rowan,,,,,,,,,
6687,Russell Sage,,,,,,,,,
6696,Rutgers,1353,164,Rutgers Scarlet Knights,rutgers-scarlet-knights,rutgers,Rutgers,Rutgers,rutgers,Rutgers
6706,Rutgers-Camden,,,,,,,,,
6709,Rutgers-Newark,,,,,,,,,
7322,S Arkansas,,,,,,,,,
7250,S Carolina St,1354,2569,South Carolina State Bulldogs,south-carolina-state-bulldogs,south-carolina-state,South Carolina State,South Carolina State,south-carolina-state,SouthCarolinaState
7333,S Connecticut,,,,,,,,,
7268,S Dakota St,1355,2571,South Dakota State Jackrabbits,south-dakota-state-jackrabbits,south-dakota-state,South Dakota State NCAA,South Dakota State,south-dakota-state,SouthDakotaState
7274,S Dakota Tech,,,,,,,,,
7015,S Francisco St,,,,,,,,,
7339,S Illinois,1356,79,Southern Illinois Salukis,southern-illinois-salukis,southern-illinois,Southern Illinois,Southern Illinois,southern-illinois,SouthernIllinois
7348,S Maine,,,,,,,,,
7376,S New Hampshire,,,,,,,,,
7407,S Virginia,,2896,Southern Virginia Knights,southern-virginia-knights,,,,,
7413,S Wesleyan,,,,,,,,,
6718,Sacred Heart,1357,2529,Sacred Heart Pioneers,sacred-heart-pioneers,sacred-heart,Sacred Heart,Sacred Heart,sacred-heart,SacredHeart
6728,Saginaw Val,,,,,,,,,
6950,Salem MA,,,,,,,,,
6956,Salem WV,,,,,,,,,
6960,Salisbury,,,,,,,,,
6973,Salve Regina,,,,,,,,,
6981,Sam Houston St,1358,2534,Sam Houston Bearkats,sam-houston-bearkats,sam-houston-state,Sam Houston,Sam Houston State,sam-houston-state,SamHoustonSt
6987,Samford,1359,2535,Samford Bulldogs,samford-bulldogs,samford,Samford NCAA,Samford,samford,Samford
8241,San Diego,1360,301,San Diego Toreros,san-diego-toreros,san-diego,San Diego,San Diego,san-diego,SanDiego
7002,San Diego St,1361,21,San Diego State Aztecs,san-diego-state-aztecs,san-diego-state,San Diego State NCAA,San Diego State,san-diego-state,SanDiegoState
7010,San Francisco,1362,2539,San Francisco Dons,san-francisco-dons,san-francisco,San Francisco,San Francisco,san-francisco,SanFrancisco
7024,San Jose St,1363,23,San José State Spartans,san-jose-state-spartans,san-jose-state,San Jose State,San Jose State,san-jose-state,
7034,Santa Clara,1365,2541,Santa Clara Broncos,santa-clara-broncos,santa-clara,Santa Clara,Santa Clara,santa-clara,SantaClara
7043,Sarah Lawrence,,,,,,,,,
7058,Savannah St,,,,,,,,,
7258,SC Aiken,,,,,,,,,
107334,SC Beaufort,,,,,,,,,
7254,SC Upstate,1367,2908,South Carolina Upstate Spartans,south-carolina-upstate-spartans,south-carolina-upstate,South Carolina Upstate,USC Upstate,usc-upstate,USCUpstate
7067,Schreiner,,,,,,,,,
7076,Scranton,,,,,,,,,
7314,SE Louisiana,1368,2545,SE Louisiana Lions,se-louisiana-lions,southeastern-louisiana,Southeastern Louisiana,Southeastern Louisiana,southeastern-louisiana,SELouisiana
7300,SE Missouri St,1369,2546,Southeast Missouri State Redhawks,southeast-missouri-state-redhawks,southeast-missouri-state,Southeast Missouri State,Southeast Missouri State,southeast-missouri-state,SEMissouriState
7305,SE Oklahoma,,,,,,,,,
7084,Seattle,1370,2547,Seattle U Redhawks,seattle-u-redhawks,seattle,Seattle,Seattle,seattle,SeattleU
7087,Seattle Pacific,,,,,,,,,
7099,Seton Hall,1371,2550,Seton Hall Pirates,seton-hall-pirates,seton-hall,Seton Hall,Seton Hall,seton-hall,SetonHall
7104,Seton Hill,,,,,,,,,
7110,Sewanee,,,,,,,,,
7600,SF Austin,1372,2617,Stephen F. Austin Lumberjacks,stephen-f-austin-lumberjacks,stephen-f-austin,Stephen F. Austin,Stephen F. Austin,stephen-f-austin,StephenF.Austin
7122,Shaw NC,,,,,,,,,
7136,Shenandoah,,,,,,,,,
7143,Shepherd,,,,,,,,,
7152,Shippensburg,,,,,,,,,
7157,Shorter,,,,,,,,,
7163,Siena,1373,2561,Siena Saints,siena-saints,siena,Siena,Siena,siena,
7179,Simon Fraser,,,,,,,,,
7186,Simpson IA,,,,,,,,,
7195,Sioux Falls,,,,,,,,,
7199,SIUE,1188,2565,SIU Edwardsville Cougars,siu-edwardsville-cougars,southern-illinois-edwardsville,SIU Edwardsville,SIUE,siue,SIUEdwardsville
7203,Skidmore,,,,,,,,,
7210,Slippery Rock,,,,,,,,,
7358,SMU,1374,2567,SMU Mustangs,smu-mustangs,southern-methodist,Southern Methodist,SMU,smu,SMU
7230,Sonoma St,,,,,,,,,
7237,South Alabama,1375,6,South Alabama Jaguars,south-alabama-jaguars,south-alabama,South Alabama,South Alabama,south-alabama,SouthAlabama
7242,South Carolina,1376,2579,South Carolina Gamecocks,south-carolina-gamecocks,south-carolina,South Carolina NCAA,South Carolina,south-carolina,SouthCarolina
7262,South Dakota,1377,233,South Dakota Coyotes,south-dakota-coyotes,south-dakota,South Dakota,South Dakota,south-dakota,southDakota
7278,South Florida,1378,58,South Florida Bulls,south-florida-bulls,south-florida,South Florida,South Florida,south-florida,SouthFlorida
7344,Southern Indiana,1475,88,Southern Indiana Screaming Eagles,southern-indiana-screaming-eagles,southern-indiana,Southern Indiana,Southern Indiana,southern-indiana,
7365,Southern Miss,1379,2572,Southern Miss Golden Eagles,southern-miss-golden-eagles,southern-mississippi,Southern Mississippi,Southern Miss,southern-miss,SouthernMiss
7371,Southern Nazarene,,,,,,,,,
7392,Southern Univ,1380,2582,Southern Jaguars,southern-jaguars,southern,Southern,Southern,southern,Southern
7399,Southern Utah,1381,253,Southern Utah Thunderbirds,southern-utah-thunderbirds,southern-utah,Southern Utah,Southern Utah,southern-utah,SouthernUtah
7468,Spalding,,,,,,,,,
7482,Spring Hill,,,,,,,,,
7485,Springfield,,,,,,,,,
6744,St Anselm,,,,,,,,,
6753,St Augustine's,,,,,,,,,
6763,St Bonaventure,1382,179,St. Bonaventure Bonnies,st-bonaventure-bonnies,st-bonaventure,St. Bonaventure,St. Bonaventure,st-bonaventure,
6775,St Cloud,,,,,,,,,
6783,St Edward's,,,,,,,,,
6789,St Elizabeth,,,,,,,,,
6791,St Francis PA,1384,2598,St. Francis (PA) Red Flash,st-francis-pa-red-flash,saint-francis-pa,Saint Francis (PA),Saint Francis U,saint-francis-u,St.FrancisPA
7520,St John Fisher,,,,,,,,,
6797,St John's,1385,2599,St. John's Red Storm,st-johns-red-storm,st-johns-ny,St. John's (NY),St. John's,st-johns,St.Johns
7528,St John's MN,,,,,,,,,
7535,St Joseph CT,,,,,,,,,
6811,St Joseph's LI,,,,,,,,,
7538,St Joseph's ME,,,,,,,,,
6814,St Joseph's NY,,,,,,,,,
6817,St Joseph's PA,1386,2603,Saint Joseph's Hawks,saint-josephs-hawks,saint-josephs,Saint Joseph's,Saint Joseph's,saint-josephs,St.Josephs
6828,St Lawrence,,,,,,,,,
6836,St Leo,,,,,,,,,
6841,St Louis,1387,139,Saint Louis Billikens,saint-louis-billikens,saint-louis,Saint Louis,Saint Louis,saint-louis,SaintLouis
6849,St Martin's,,,,,,,,,
6853,St Mary's CA,1388,2608,Saint Mary's Gaels,saint-marys-gaels,saint-marys-ca,Saint Mary's (CA) NCAA,Saint Mary's,saint-marys,SaintMarysCA
6863,St Mary's MD,,,,,,,,,
6870,St Mary's MN,,,,,,,,,
6876,St Mary's TX,,,,,,,,,
6881,St Michael's,,,,,,,,,
6888,St Norbert,,,,,,,,,
6893,St Olaf,,,,,,,,,
6906,St Peter's,1389,2612,Saint Peter's Peacocks,saint-peters-peacocks,saint-peters,Saint Peter's NCAA,Saint Peter's,saint-peters,St.Peter's
6914,St Rose,,,,,,,,,
6918,St Scholastica,,,,,,,,,
6926,St Thomas MN,1472,2900,St. Thomas-Minnesota Tommies,st-thomas-minnesota-tommies,st-thomas-mn,St. Thomas,St. Thomas (MN),st-thomas-mn,
74795,St Thomas TX,,,,,,,,,
6939,St Vincent,,,,,,,,,
7582,Stanford,1390,24,Stanford Cardinal,stanford-cardinal,stanford,Stanford,Stanford,stanford,Stanford
7596,Staten Island,,,,,,,,,
7613,Stetson,1391,56,Stetson Hatters,stetson-hatters,stetson,Stetson NCAA,Stetson,stetson,Stetson
7619,Stevens,,,,,,,,,
8410,Stevenson,,,,,,,,,
7634,Stonehill,1476,284,Stonehill Skyhawks,stonehill-skyhawks,stonehill,Stonehill,Stonehill,stonehill,
7642,Stony Brook,1392,2619,Stony Brook Seawolves,stony-brook-seawolves,stony-brook,Stony Brook,Stony Brook,stony-brook,StonyBrook
7653,Suffolk,,,,,,,,,
7661,Sul Ross,,,,,,,,,
517,Summit,,,,,,,,,
123,SUNY Albany,1107,399,UAlbany Great Danes,ualbany-great-danes,albany-ny,Albany (NY),Albany,albany,
7668,SUNY Canton,,,,,,,,,
7704,SUNY Cobleskill,,,,,,,,,
7593,SUNY Delhi,,,,,,,,,
7678,SUNY Fredonia,,,,,,,,,
5411,SUNY Maritime,,,,,,,,,
7684,SUNY New Paltz,,,,,,,,,
7689,SUNY Oneonta,,,,,,,,,
7694,SUNY Potsdam,,,,,,,,,
7700,SUNYIT,,,,,,,,,
7708,Susquehanna,,,,,,,,,
7418,SW Baptist,,,,,,,,,
7424,SW Minnesota,,,,,,,,,
7455,SW Oklahoma,,,,,,,,,
7461,SW Univ TX,,,,,,,,,
7717,Swarthmore,,,,,,,,,
7729,Syracuse,1393,183,Syracuse Orange,syracuse-orange,syracuse,Syracuse,Syracuse,syracuse,Syracuse
6180,T Jefferson,,,,,,,,,
7856,TAM C. Christi,1394,357,Texas A&M-Corpus Christi Islanders,texas-am-corpus-christi-islanders,texas-am-corpus-christi,Texas A&M-Corpus Christi,Texas A&M-Corpus Christi,texas-am-corpus-christi,TexasAMCorpus
7750,Tampa,,,,,,,,,
7757,Tarleton St,1470,2627,Tarleton State Texans,tarleton-state-texans,tarleton-state,Tarleton State,Tarleton State,tarleton-state,TarletonState
7878,TCU,1395,2628,TCU Horned Frogs,tcu-horned-frogs,texas-christian,TCU NCAA,TCU,tcu,TCU
7788,Temple,1396,218,Temple Owls,temple-owls,temple,Temple,Temple,temple,
7801,Tennessee,1397,2633,Tennessee Volunteers,tennessee-volunteers,tennessee,Tennessee NCAA,Tennessee,tennessee,Tennessee
7822,Tennessee St,1398,2634,Tennessee State Tigers,tennessee-state-tigers,tennessee-state,Tennessee State,Tennessee State,tennessee-state,TennesseeState
7826,Tennessee Tech,1399,2635,Tennessee Tech Golden Eagles,tennessee-tech-golden-eagles,tennessee-tech,Tennessee Tech,Tennessee Tech,tennessee-tech,TennesseeTech
7840,Texas,1400,251,Texas Longhorns,texas-longhorns,texas,Texas NCAA,Texas,texas,Texas
7848,Texas A&M,1401,245,Texas A&M Aggies,texas-am-aggies,texas-am,Texas A&M NCAA,Texas A&M,texas-am,TexasAM
7861,Texas A&M Intl,,,,,,,,,
7911,Texas St,1402,326,Texas State Bobcats,texas-state-bobcats,texas-state,Texas State,Texas State,texas-state,TexasState
7918,Texas Tech,1403,2641,Texas Tech Red Raiders,texas-tech-red-raiders,texas-tech,Texas Tech NCAA,Texas Tech,texas-tech,TexasTech
7947,Thiel,,,,,,,,,
7569,Thomas Aquinas,,,,,,,,,
7951,Thomas ME,,,,,,,,,
7956,Thomas More,,,,,,,,,
7967,Tiffin,,,,,,,,,
7813,TN Martin,1404,2630,UT Martin Skyhawks,ut-martin-skyhawks,tennessee-martin,Tennessee-Martin,UT Martin,ut-martin,TennesseeMartin
7978,Toledo,1405,2649,Toledo Rockets,toledo-rockets,toledo,Toledo,Toledo,toledo,Toledo
8000,Towson,1406,119,Towson Tigers,towson-tigers,towson,Towson,Towson,towson,Towson
8009,Transylvania,,,,,,,,,
8016,Trevecca Naz,,,,,,,,,
8020,Trine,,,,,,,,,
8035,Trinity CT,,,,,,,,,
8052,Trinity TX,,,,,,,,,
8068,Troy,1407,2653,Troy Trojans,troy-trojans,troy,Troy,Troy,troy,Troy
8077,Truman St,,,,,,,,,
8084,Tufts,,,,,,,,,
8092,Tulane,1408,2655,Tulane Green Wave,tulane-green-wave,tulane,Tulane,Tulane,tulane,Tulane
8099,Tulsa,1409,202,Tulsa Golden Hurricane,tulsa-golden-hurricane,tulsa,Tulsa,Tulsa,tulsa,Tulsa
8104,Tusculum,,,,,,,,,
8109,Tuskegee,,,,,,,,,
7868,TX A&M Commerce,1477,2837,Texas A&M-Commerce Lions,texas-am-commerce-lions,texas-am-commerce,Texas A&M-Commerce,Texas A&M-Commerce,texas-am-commerce,
7863,TX A&M K'ville,,,,,,,,,
7894,TX Lutheran,,,,,,,,,
7906,TX Southern,1411,2640,Texas Southern Tigers,texas-southern-tigers,texas-southern,Texas Southern,Texas Southern,texas-southern,TexasSouthern
8229,U New England,,,,,,,,,
87,UAB,1412,5,UAB Blazers,uab-blazers,alabama-birmingham,UAB NCAA,UAB,uab,UAB
8200,UC Davis,1413,302,UC Davis Aggies,uc-davis-aggies,california-davis,UC Davis,UC Davis,uc-davis,UCDavis
8122,UC Irvine,1414,300,UC Irvine Anteaters,uc-irvine-anteaters,california-irvine,UC Irvine,UC Irvine,uc-irvine,CalIrvine
8207,UC Riverside,1415,27,UC Riverside Highlanders,uc-riverside-highlanders,california-riverside,UC Riverside,UC Riverside,uc-riverside,CalRiverside
8212,UC San Diego,1471,28,UC San Diego Tritons,uc-san-diego-tritons,california-san-diego,UC San Diego,California-San Diego,california-san-diego,
8127,UC Santa Barbara,1364,2540,UC Santa Barbara Gauchos,uc-santa-barbara-gauchos,california-santa-barbara,UC Santa Barbara,UC Santa Barbara,uc-santa-barbara,CalSantaBarbara
8136,UC Santa Cruz,,,,,,,,,
1380,UCF,1416,2116,UCF Knights,ucf-knights,central-florida,UCF,UCF,ucf,CentralFlorida
8141,UCLA,1417,26,UCLA Bruins,ucla-bruins,ucla,UCLA,UCLA,ucla,UCLA
4200,ULM,1419,2433,UL Monroe Warhawks,ul-monroe-warhawks,louisiana-monroe,Louisiana-Monroe,Louisiana-Monroe,louisiana-monroe,UL-Monroe
4487,UMBC,1420,2378,UMBC Retrievers,umbc-retrievers,maryland-baltimore-county,Maryland-Baltimore County,UMBC,umbc,MDBaltimoreCo
8153,UNC Asheville,1421,2427,UNC Asheville Bulldogs,unc-asheville-bulldogs,north-carolina-asheville,UNC Asheville,UNC Asheville,unc-asheville,NCAsheville
8161,UNC Greensboro,1422,2430,UNC Greensboro Spartans,unc-greensboro-spartans,north-carolina-greensboro,UNC Greensboro,UNCG,uncg,NCGreensboro
8165,UNC Wilmington,1423,350,UNC Wilmington Seahawks,unc-wilmington-seahawks,north-carolina-wilmington,UNC Wilmington,UNCW,uncw,NCWilmington
8176,Union NY,,,,,,,,,
8184,Union TN,,,,,,,,,
8192,Univ Ozarks,,,,,,,,,
5323,UNLV,1424,2439,UNLV Rebels,unlv-rebels,nevada-las-vegas,Nevada-Las Vegas,UNLV,unlv,UNLV
8269,Upper Iowa,,,,,,,,,
8281,Ursinus,,,,,,,,,
8251,USC,1425,30,USC Trojans,usc-trojans,southern-california,Southern California,USC,usc,USC
7872,UT Arlington,1426,250,UT Arlington Mavericks,ut-arlington-mavericks,texas-arlington,UT Arlington,UT Arlington,ut-arlington,UTArlington
7890,UT Dallas,,,,,,,,,
7900,UT San Antonio,1427,2636,UTSA Roadrunners,utsa-roadrunners,texas-san-antonio,UTSA,UTSA,utsa,TexasSanAntonio
8258,UT Tyler,,,,,,,,,
8315,Utah,1428,254,Utah Utes,utah-utes,utah,Utah,Utah,utah,Utah
8325,Utah St,1429,328,Utah State Aggies,utah-state-aggies,utah-state,Utah State NCAA,Utah State,utah-state,UtahState
2199,Utah Tech,1469,3101,Utah Tech Trailblazers,utah-tech-trailblazers,dixie-state,Utah Tech,Utah Tech,utah-tech,DixieState
8332,Utah Valley,1430,3084,Utah Valley Wolverines,utah-valley-wolverines,utah-valley,Utah Valley,Utah Valley,utah-valley,UtahValley
7933,UTEP,1431,2638,UTEP Miners,utep-miners,texas-el-paso,UTEP,UTEP,utep,UTEP
8337,Utica,,,,,,,,,
7938,UTRGV,1410,292,UT Rio Grande Valley Vaqueros,ut-rio-grande-valley-vaqueros,texas-pan-american,Texas-Rio Grande Valley,Texas-Rio Grande Valley,texas-rio-grande-valley,UTRioGrandeValley
8479,UVA-Wise,,,,,,,,,
8473,VA Wesleyan,,,,,,,,,
8345,Valdosta St,,,,,,,,,
8357,Valley Forge,,,,,,,,,
8361,Valparaiso,1434,2674,Valparaiso Beacons,valparaiso-beacons,valparaiso,Valparaiso,Valparaiso,valparaiso,Valparaiso
8367,Vanderbilt,1435,238,Vanderbilt Commodores,vanderbilt-commodores,vanderbilt,Vanderbilt,Vanderbilt,vanderbilt,Vanderbilt
8382,Vassar,,,,,,,,,
8443,VCU,1433,2670,VCU Rams,vcu-rams,virginia-commonwealth,Virginia Commonwealth,VCU,vcu,VaCommonwealth
8393,Vermont,1436,261,Vermont Catamounts,vermont-catamounts,vermont,Vermont NCAA,Vermont,vermont,
8415,Villanova,1437,222,Villanova Wildcats,villanova-wildcats,villanova,Villanova,Villanova,villanova,Villanova
8432,Virginia,1438,258,Virginia Cavaliers,virginia-cavaliers,virginia,Virginia NCAA,Virginia,virginia,Virginia
8454,Virginia St,,,,,,,,,
8459,Virginia Tech,1439,259,Virginia Tech Hokies,virginia-tech-hokies,virginia-tech,Virginia Tech,Virginia Tech,virginia-tech,VirginiaTech
8469,Virginia Union,,,,,,,,,
8450,VMI,1440,2678,VMI Keydets,vmi-keydets,virginia-military-institute,VMI,VMI,vmi,VMI
8742,W Carolina,1441,2717,Western Carolina Catamounts,western-carolina-catamounts,western-carolina,Western Carolina,Western Carolina,western-carolina,WesternCarolina
8747,W Connecticut,,,,,,,,,
8754,W Illinois,1442,2710,Western Illinois Leathernecks,western-illinois-leathernecks,western-illinois,Western Illinois,Western Illinois,western-illinois,WesternIllinois
8767,W Michigan,1444,2711,Western Michigan Broncos,western-michigan-broncos,western-michigan,Western Michigan,Western Michigan,western-michigan,WesternMichigan
8778,W New England,,,,,,,,,
8785,W New Mexico,,,,,,,,,
8795,W Oregon,,,,,,,,,
9020,W Salem St,,,,,,,,,
8710,W Texas A&M,,,,,,,,,
8807,W Washington,,,,,,,,,
8493,Wabash,,,,,,,,,
8500,Wagner,1447,2681,Wagner Seahawks,wagner-seahawks,wagner,Wagner NCAA,Wagner,wagner,Wagner
8508,Wake Forest,1448,154,Wake Forest Demon Deacons,wake-forest-demon-deacons,wake-forest,Wake Forest,Wake Forest,wake-forest,WakeForest
8526,Walsh,,,,,,,,,
8538,Warren Wilson,,,,,,,,,
8541,Wartburg,,,,,,,,,
8558,Wash & Jeff,,,,,,,,,
8546,Washburn,,,,,,,,,
8551,Washington,1449,264,Washington Huskies,washington-huskies,washington,Washington,Washington,washington,Washington
8563,Washington & Lee,,,,,,,,,
8573,Washington MD,,,,,,,,,
8588,Washington St,1450,265,Washington State Cougars,washington-state-cougars,washington-state,Washington State NCAA,Washington State,washington-state,WashingtonState
8581,Washington StL,,,,,,,,,
8614,Wayne St MI,,,,,,,,,
8621,Wayne St NE,,,,,,,,,
8625,Waynesburg,,,,,,,,,
8636,Weber St,1451,2692,Weber State Wildcats,weber-state-wildcats,weber-state,Weber State,Weber State,weber-state,
8640,Webster,,,,,,,,,
8647,Wells,,,,,,,,,
8650,Wentworth Tech,,,,,,,,,
8663,Wesleyan CT,,,,,,,,,
8674,West Alabama,,,,,,,,,
8679,West Chester,,,,,,,,,
8694,West Florida,,,,,,,,,
8698,West Georgia,,2698,West Georgia Wolves,west-georgia-wolves,,unknown,West Georgia,west-georgia,
8703,West Liberty,,,,,,,,,
8716,West Virginia,1452,277,West Virginia Mountaineers,west-virginia-mountaineers,west-virginia,West Virginia,West Virginia,west-virginia,WestVirginia
8802,Western St CO,,,,,,,,,
8818,Westfield St,,,,,,,,,
8824,Westminster MO,,,,,,,,,
8828,Westminster PA,,,,,,,,,
8834,Westminster UT,,,,,,,,,
8836,Westmont,,,,,,,,,
8841,Wheaton IL,,,,,,,,,
8851,Wheaton MA,,,,,,,,,
8856,Wheeling,,,,,,,,,
8864,Whitman,,,,,,,,,
8871,Whittier,,,,,,,,,
8878,Whitworth,,,,,,,,,
9047,WI Eau Claire,,,,,,,,,
9055,WI Green Bay,1453,2739,Green Bay Phoenix,green-bay-phoenix,green-bay,Green Bay,Green Bay,green-bay,WiscGreenBay
9058,WI LaCrosse,,,,,,,,,
9042,WI Lutheran,,,,,,,,,
9064,WI Milwaukee,1454,270,Milwaukee Panthers,milwaukee-panthers,milwaukee,Milwaukee,Milwaukee,milwaukee,
9068,WI Oshkosh,,,,,,,,,
9073,WI Parkside,,,,,,,,,
9077,WI Platteville,,,,,,,,,
9081,WI River Falls,,,,,,,,,
9089,WI Stevens Pt,,,,,,,,,
9097,WI Stout,,,,,,,,,
9104,WI Superior,,,,,,,,,
9110,WI Whitewater,,,,,,,,,
8898,Wichita St,1455,2724,Wichita State Shockers,wichita-state-shockers,wichita-state,Wichita State,Wichita State,wichita-state,WichitaState
8903,Widener,,,,,,,,,
8921,Wilkes,,,,,,,,,
8928,Willamette,,,,,,,,,
8934,William & Mary,1456,2729,William & Mary Tribe,william-mary-tribe,william-mary,William & Mary,William & Mary,william--mary,WilliamMary
8970,Williams,,,,,,,,,
8991,Wilmington DE,,,,,,,,,
8996,Wilmington OH,,,,,,,,,
9001,Wilson,,,,,,,,,
9007,Wingate,,,,,,,,,
9015,Winona St,,,,,,,,,
9025,Winthrop,1457,2737,Winthrop Eagles,winthrop-eagles,winthrop,Winthrop,Winthrop,winthrop,Winthrop
9031,Wisconsin,1458,275,Wisconsin Badgers,wisconsin-badgers,wisconsin,Wisconsin NCAA,Wisconsin,wisconsin,Wisconsin
9118,Wittenberg,,,,,,,,,
8761,WKU,1443,98,Western Kentucky Hilltoppers,western-kentucky-hilltoppers,western-kentucky,Western Kentucky NCAA,Western Kentucky,western-kentucky,WesternKentucky
8946,Wm Jewell,,,,,,,,,
8951,Wm Paterson,,,,,,,,,
9126,Wofford,1459,2747,Wofford Terriers,wofford-terriers,wofford,Wofford,Wofford,wofford,Wofford
9130,Wooster,,,,,,,,,
9140,Worcester St,,,,,,,,,
9146,Worcester Tech,,,,,,,,,
9156,Wright St,1460,2750,Wright State Raiders,wright-state-raiders,wright-state,Wright State,Wright State,wright-state,WrightState
8723,WV State,,,,,,,,,
8732,WV Wesleyan,,,,,,,,,
9162,Wyoming,1461,2751,Wyoming Cowboys,wyoming-cowboys,wyoming,Wyoming,Wyoming,wyoming,Wyoming
9170,Xavier,1462,2752,Xavier Musketeers,xavier-musketeers,xavier,Xavier,Xavier,xavier,Xavier
9177,Yale,1463,43,Yale Bulldogs,yale-bulldogs,yale,Yale NCAA,Yale,yale,
9194,Yeshiva,,,,,,,,,
9204,York NY,,,,,,,,,
9210,York PA,,,,,,,,,
101320,Young Harris,,,,,,,,,
9217,Youngstown St,1464,2754,Youngstown State Penguins,youngstown-state-penguins,youngstown-state,Youngstown State,Youngstown State,youngstown-state,
7551,St Louis Pharm,,112686,University of Health Sciences & Pharmacy Eutectics,st.-louis-pharmacy-eutectics,,,,,
115164,VA-Lynchburg,,3229,Virginia-Lynchburg Dragons,vu-of-lynchburg-dragons,,,,,
4956,MO Baptist,,2880,Missouri Baptist Spartans,missouri-baptist-spartans,,,,,
180,Alice Lloyd,,484,Alice Lloyd College Eagles,,,,,,
5123,Morris Brown,1289,,,,,,,,
7058,Savannah St,1366,,,,,,,,
7509,St Francis NY,1383,,,,,,,,St.FrancisNY
9020,W Salem St,1445,,,,,,,,